Platform,Key Change,Impact,Action Required
LinkedIn,Meaningful Interactions Priority,High engagement posts get more reach,Focus on genuine conversations
LinkedIn,AI Content Detection,AI-generated content demoted,Add personal insights to AI content
LinkedIn,Engagement Pod Penalties,Fake engagement penalized,Build organic engagement
Instagram,Shares & Saves Priority,Saved/shared content boosted,Create saveable content
Instagram,Longer Video Preference,Videos over 30s preferred,Make longer-form videos
Instagram,Authenticity Focus,Original content rewarded,Show authentic behind-scenes
