Phase,Duration,Key Tasks
Phase 1: Foundation,Week 1-2,Set up automation platform (n8n recommended); Configure social media API access; Set up content generation AI tools; Create basic posting workflows
Phase 2: Content Generation,Week 3-4,Implement AI content generation pipeline; Set up image/video generation workflows; Configure content variation algorithms; Test content quality and relevance
Phase 3: Platform Integration,Week 5-6,Integrate Instagram posting via Graph API; Set up LinkedIn company page posting; Configure cross-platform content adaptation; Implement posting schedules and timing
Phase 4: Monitoring & Safety,Week 7-8,Set up content moderation system; Implement error handling and alerts; Create performance monitoring dashboard; Test failsafe mechanisms
Phase 5: Optimization,Week 9-12,Optimize content performance based on analytics; Refine AI prompts and generation parameters; Scale up to full 10+ posts per day; Implement advanced scheduling logic
