Content Trend,LinkedIn Performance,Instagram Performance,LinkedIn Score,Instagram Score
Personal Stories with Lessons,Very High,Medium,9,6
Contrarian Opinions,High,Low,7,3
Lists & Frameworks,Very High,High,9,7
Behind-the-Scenes,Medium,High,6,8
Educational Content,Very High,Medium,9,6
Hot Takes on Industry News,High,Low,7,3
Employee Generated Content,High,Low,7,3
User Generated Content,Medium,Very High,6,9
Interactive Polls,High,Medium,7,6
Thought Leadership,Very High,Low,9,3
AI-Inspired Content,High,Medium,7,6
Carousel Documents,Very High,High,9,7
